Question,output,flag,username,timestamp
"請說明如何在raspberry pi 4上架設DNS, 並列出3個學習網站","在Raspberry Pi 4上架設DNS的步驟如下：

1. 更新Raspberry Pi：首先，你需要更新你的Raspberry Pi。打開終端機並輸入以下命令：
   ```
   sudo apt-get update
   sudo apt-get upgrade
   ```

2. 安裝BIND9：BIND9是一個在Linux上常用的DNS伺服器。你可以使用以下命令來安裝它：
   ```
   sudo apt-get install bind9 bind9utils bind9-doc
   ```

3. 設定BIND9：安裝完BIND9後，你需要設定它。首先，打開named.conf.options檔案：
   ```
   sudo nano /etc/bind/named.conf.options
   ```
   
4. 在該檔案中，找到""options""部分並加入以下內容：
    ```
    forwarders {
        8.8.8.8;
        8.8.4.4;
    };
    ```

5. 儲存並關閉檔案。

6. 現在，你需要設定你的域名。打開named.conf.local檔案：
    ```
    sudo nano /etc/bind/named.conf.local
    ```

7. 在該檔案中加入以下內容（將""mydomain.com""替換為你自己的域名）：
    ```
    zone ""mydomain.com"" {
        type master;
        file ""/etc/bind/db.mydomain.com"";
    };
    ```

8. 儲存並關閉檔案。

9. 現在，你需要創建一個新的資料庫檔案。使用以下命令：
    ```
    sudo cp /etc/bind/db.local /etc/bind/db.mydomain.com
    ```

10. 打開新的資料庫檔案並修改它以符合你的需求：
    ```
    sudo nano /etc/bind/db.mydomain.com
    ```

11. 最後，重新",,,2024-04-06 21:54:58.682525
